evo_rank,id,title,family,cluster,mean_pct,cliche_votes,score,finalist,lineage
1,I0389-M1,Scribe-Adjusted EBITDA: Privileged Diligence for Physician Deals,I0389,"Proving AI controls and human review to insurers, auditors and clients",0.955,0,0.955,True,"mutation of I0389 ('Independent Auditor for AI-Scribed Billing'), type: sharpened"
2,I1172-M2,Home Equity Assurance for Data Center Neighbors,I1172,"Localities, utilities and landowners facing speculative data-center demand",0.942,0,0.942,True,"mutation of I1172 ('Neutral Baselines and Neighbor Guarantees for Data Centers'), type: new-customer-or-model"
3,I0109-M3,Auto Loan-End Event Exchange for Add-On Refunds,I0109,"Unclaimed money: settlements, refunds, penalties and unpaid invoices",0.942,0,0.942,True,"mutation of I0109 ('Payoff-Triggered Refund Recovery for Credit Unions'), type: 10x-or-inverted"
4,I0996-M1,"ERCOT Large-Load Energization Files, Fixed Fee",I0996,Getting power for large loads and storage,0.939,0,0.939,True,"mutation of I0996 ('Grid-Code Models for AI Data Centers'), type: sharpened"
5,I1175,Finish Crew: Stranded Solar Job Completion,I1175,"Residential solar leftovers: orphaned systems, leases and liens",0.928,0,0.928,True,original (tournament survivor)
6,I0389,Independent Auditor for AI-Scribed Billing,I0389,"Proving AI controls and human review to insurers, auditors and clients",0.926,0,0.926,False,original (tournament survivor)
7,I0428-M1,Line-Keyed Cross-Examination Kits for LOP Defense,I0428,"Small litigation practices lacking evidence, records and benchmark tools",0.913,0,0.913,True,"mutation of I0428 ('Coder-Signed Reasonable-Value Reports for Injury Defense'), type: sharpened"
8,I0338-M3,Cattle Lien Registry and Sale-Barn Exit Alerts,I0338,Lenders and investors unable to verify collateral exists,0.899,0,0.899,True,"mutation of I0338 ('Chute-Side Cow Counts for Ag Lenders'), type: 10x-or-inverted"
9,I0338-M1,Herd Roll-Forward: Lender-Paid Cattle Collateral Reconciliation,I0338,Lenders and investors unable to verify collateral exists,0.884,0,0.884,False,"mutation of I0338 ('Chute-Side Cow Counts for Ag Lenders'), type: sharpened"
10,I0836-M2,Lender-Required Curtailment Reports for Data Centers,I0836,Getting power for large loads and storage,0.884,0,0.884,True,"mutation of I0836 ('Air-Permit Unlock for Idle Data Center Diesel'), type: new-customer-or-model"
11,I0715-M1,Smoke Report Autopsy for Policyholder Advocates,I0715,"Flood and fire survivors: mapping, buyouts, claims and rebuilding",0.884,0,0.884,True,"mutation of I0715 ('Interim Smoke-Damage Protocol Before the State Standard'), type: sharpened"
12,I0573-M1,Cure Desk: Cash-Worker Packets for Health Centers,I0573,"Benefit-rule changes: Medicaid work rules, SNAP and ACA cliffs",0.883,0,0.883,True,"mutation of I0573 ('Medicaid Hours Wallet for Gig Workers'), type: sharpened"
13,I0861,China-Asset Diligence Desk for Pharma BD,I0861,Biotech capital: diligence and salvage,0.868,0,0.868,True,original (tournament survivor)
14,I0716,Independent Referee for Survey Panel Data,I0716,Gatekeepers drowning in AI-generated submissions and bot responses,0.865,0,0.865,True,original (tournament survivor)
15,I0463-M3,Fixed-Price Guaranteed Clearance of Unknown Lead Lines,I0463,"Small water utilities: staffing, revenue leakage, lead lines and nitrate",0.855,0,0.855,True,"mutation of I0463 ('Pay Home Inspectors to Find Lead Pipes'), type: 10x-or-inverted"
16,I0079-M2,Phantom Pipeline Audits for Utility Rate-Case Intervenors,I0079,"Localities, utilities and landowners facing speculative data-center demand",0.854,0,0.854,True,"mutation of I0079 ('Phantom Load Vetting Desk for Rural Utilities'), type: new-customer-or-model"
17,I1289-M1,Satellite Witness for Neighbor Construction Claims,I1289,Novel environmental and infrastructure data from satellites and crowd-sensing,0.841,0,0.841,True,"mutation of I1289 ('Settlement Passports for Florida High-Rise Condos'), type: sharpened"
18,I0218-M2,Independent Collateral Verifier for Warehouse Lenders,I0218,Lenders and investors unable to verify collateral exists,0.841,0,0.841,True,"mutation of I0218 ('Sold-Out-of-Trust Radar for Floorplan Lenders'), type: new-customer-or-model"
19,I0463-M1,Lead Line Photos Taken During Meter Swaps,I0463,"Small water utilities: staffing, revenue leakage, lead lines and nitrate",0.84,0,0.84,False,"mutation of I0463 ('Pay Home Inspectors to Find Lead Pipes'), type: sharpened"
20,I1062-M2,Work-Permit Gap Desk for Frontline Employers,I1062,Immigrant households and workers: status deadlines and paperwork,0.835,0,0.835,True,"mutation of I1062 ('Delay-Suit Rails for Stuck Immigration Cases'), type: new-customer-or-model"
21,I1240-M3,Unit Tests for Benefit Law: Eligibility System Conformance,I1240,"Benefit-rule changes: Medicaid work rules, SNAP and ACA cliffs",0.826,0,0.826,True,"mutation of I1240 ('Flight simulator drills for county SNAP eligibility workers'), type: 10x-or-inverted"
22,I0773-M2,Holdout Ledger: Landowner-Side Assembly Intelligence,I0773,Land and property facts trapped in county records,0.812,0,0.812,True,"mutation of I0773 ('Courthouse Tape: Land-Assembly Radar for Infrastructure'), type: new-customer-or-model"
23,I0068-M3,A Price Reporting Agency for Trade Materials,I0068,Small trade and service firms underpricing and leaking margin,0.806,0,0.806,True,"mutation of I0068 ('Contingency Audit of Unbilled Plumbing Materials'), type: 10x-or-inverted"
24,I0769,Ruling-Backed Tariff Engineering for Product Brands,I0769,"Tariff cost, classification and customs for small importers",0.797,0,0.797,True,original (tournament survivor)
25,I1240,Flight simulator drills for county SNAP eligibility workers,I1240,"Benefit-rule changes: Medicaid work rules, SNAP and ACA cliffs",0.783,0,0.783,False,original (tournament survivor)
26,I1266-M3,The Pharmacy-Verified Reimbursement Index,I1266,"Independent pharmacies squeezed by PBMs, refund floats and deserts",0.783,0,0.783,True,"mutation of I1266 ('Pharmacy-Side PBM Ledger for Employers'), type: 10x-or-inverted"
27,I0195-M1,Serial Match: AP-Only Recovery for Exchange Buyers,I0195,Warranty claims left unfiled,0.783,0,0.783,True,"mutation of I0195 ('Contingency Recovery of Missed Rotable Repair Warranties'), type: sharpened"
28,I0365-M1,Hall-Ready Gate for Liquid-Cooled GPU Tranches,I0365,"Investors, lenders and venues wanting real-economy ground truth",0.783,0,0.783,True,"mutation of I0365 ('Ground-Truth Diligence for GPU-Backed Lenders'), type: sharpened"
29,I0428-M2,Independent Post-Reform Valuation for Medical Lien Funders,I0428,"Small litigation practices lacking evidence, records and benchmark tools",0.781,0,0.781,False,"mutation of I0428 ('Coder-Signed Reasonable-Value Reports for Injury Defense'), type: new-customer-or-model"
30,I0773-M1,Site-Control Check for Utility Large-Load Queues,I0773,Land and property facts trapped in county records,0.768,0,0.768,False,"mutation of I0773 ('Courthouse Tape: Land-Assembly Radar for Infrastructure'), type: sharpened"
31,I1266-M2,Contingency Spread Recovery for Public Benefit Pools,I1266,"Independent pharmacies squeezed by PBMs, refund floats and deserts",0.754,0,0.754,False,"mutation of I1266 ('Pharmacy-Side PBM Ledger for Employers'), type: new-customer-or-model"
32,I0236,Tariff Surcharge Clawback for B2B Buyers,I0236,Recovering IEEPA tariff refunds and surcharges,0.754,0,0.754,True,original (tournament survivor)
33,I0388-M2,Revenue-Integrity Diligence for Water System Acquirers,I0388,"Small water utilities: staffing, revenue leakage, lead lines and nitrate",0.749,0,0.749,False,"mutation of I0388 ('Contingency Hunters for Unbilled Water Revenue'), type: new-customer-or-model"
34,I0708-M1,AP-Inbox Implant Reconciler for Spine ASCs,I0708,Provider revenue leaks and payer denials,0.739,0,0.739,False,"mutation of I0708 ('Contingency Recovery of Unpaid Implant Carve-Outs'), type: sharpened"
35,I1085-M3,Pumper-Sampled Hydrogen and Helium Ground-Truth Registry,I1085,Novel environmental and infrastructure data from satellites and crowd-sensing,0.738,0,0.738,False,"mutation of I1085 ('Dry-Hole Atlas for Hydrogen, Helium, Geothermal'), type: 10x-or-inverted"
36,I0996-M2,Grid-Readiness Model Audit for Data Center Lenders,I0996,Getting power for large loads and storage,0.731,0,0.731,False,"mutation of I0996 ('Grid-Code Models for AI Data Centers'), type: new-customer-or-model"
37,I0552-M1,Cavity ID: Tool-of-Origin Evidence via Counsel,I0552,US machine shops and reshoring manufacturers,0.725,0,0.725,False,"mutation of I0552 ('Supplier Divorce Protection: Tool Census and Overrun Forensics'), type: sharpened"
38,I0365-M3,Commissioning Passport: The Data Center Readiness Standard,I0365,"Investors, lenders and venues wanting real-economy ground truth",0.723,0,0.723,False,"mutation of I0365 ('Ground-Truth Diligence for GPU-Backed Lenders'), type: 10x-or-inverted"
39,I0388-M1,Independent Big-Meter Audits With Refund Guarantee,I0388,"Small water utilities: staffing, revenue leakage, lead lines and nitrate",0.719,0,0.719,False,"mutation of I0388 ('Contingency Hunters for Unbilled Water Revenue'), type: sharpened"
40,I0109-M1,Deficiency-Suit Add-On Credit Audits for Consumer Defense Firms,I0109,"Unclaimed money: settlements, refunds, penalties and unpaid invoices",0.71,0,0.71,False,"mutation of I0109 ('Payoff-Triggered Refund Recovery for Credit Unions'), type: sharpened"
41,I0365,Ground-Truth Diligence for GPU-Backed Lenders,I0365,"Investors, lenders and venues wanting real-economy ground truth",0.71,0,0.71,False,original (tournament survivor)
42,I1148-M2,Insurable-at-Closing: Pay-on-Closing Insurability Sheets for WUI Listings,I1148,Homeowners and communities losing property insurance in high-risk areas,0.71,0,0.71,False,"mutation of I1148 ('Parcel-Level Rebuttals to Wildfire Insurance Scores'), type: new-customer-or-model"
43,I1240-M2,Federal-Agreement Lab for State SNAP QC Reviewers,I1240,"Benefit-rule changes: Medicaid work rules, SNAP and ACA cliffs",0.704,0,0.704,False,"mutation of I1240 ('Flight simulator drills for county SNAP eligibility workers'), type: new-customer-or-model"
44,I1175-M1,Paid-But-Dark: Solar Loan Book Audit,I1175,"Residential solar leftovers: orphaned systems, leases and liens",0.7,0,0.7,False,"mutation of I1175 ('Finish Crew: Stranded Solar Job Completion'), type: sharpened"
45,I0499-M3,Credit Bureau for Federal Drug-Refund Receivables,I0499,"Independent pharmacies squeezed by PBMs, refund floats and deserts",0.696,0,0.696,False,"mutation of I0499 ('Bridge Loans for Medicare Drug-Price Refunds'), type: 10x-or-inverted"
46,I0773-M3,Recorder Rails: County-Funded Clean Index of Instruments,I0773,Land and property facts trapped in county records,0.696,0,0.696,False,"mutation of I0773 ('Courthouse Tape: Land-Assembly Radar for Infrastructure'), type: 10x-or-inverted"
47,I1056-M2,UK Vet Price Panel for Investors and Insurers,I1056,Pet owners and insurers squeezed by rising vet bills,0.681,0,0.681,False,"mutation of I1056 ('Unbundling Edits for Pet Insurance Claims'), type: new-customer-or-model"
48,H01,Phantom-Load Registry: Land Records Meet Utility Queues,H01,Land and property facts trapped in county records,0.681,0,0.681,False,"hybrid of I0773 + I0079 (Courthouse Tape: Land-Assembly Radar for Infrastructure + Phantom Load Vetting Desk for Rural Utilities). Why stronger: The vetting desk alone is a services business with a thin data moat, and the tape alone fights for alt-data budgets with no ground-truth labels. Together, memo revenue funds data collection, utility outcomes label the data, and the pooled duplicate registry gets more valuable with each utility that joins. ACV rises, and utilities can be reached through co-op associations instead of cold outreach."
49,I0463,Pay Home Inspectors to Find Lead Pipes,I0463,"Small water utilities: staffing, revenue leakage, lead lines and nitrate",0.677,0,0.677,False,original (tournament survivor)
50,I1326,Referee Sampling for Black Mass and Battery Scrap,I1326,"Recycling quality, distressed capacity and battery/EPR compliance",0.667,0,0.667,False,original (tournament survivor)
51,I0836-M1,Dual-Mode Genset Permits for Queued Campuses,I0836,Getting power for large loads and storage,0.665,0,0.665,False,"mutation of I0836 ('Air-Permit Unlock for Idle Data Center Diesel'), type: sharpened"
52,I0820,"Power Passport: Scoring Dead Factories on Amps, Permits",I0820,US machine shops and reshoring manufacturers,0.655,0,0.655,False,original (tournament survivor)
53,I1172-M1,Well Covenant Trustee for Rural Data Center Counties,I1172,"Localities, utilities and landowners facing speculative data-center demand",0.652,0,0.652,False,"mutation of I1172 ('Neutral Baselines and Neighbor Guarantees for Data Centers'), type: sharpened"
54,I0689,Failed-Part Bounty for Insurance Subrogation,I0689,Singular / uncategorized,0.652,0,0.652,False,original (tournament survivor)
55,I0773,Courthouse Tape: Land-Assembly Radar for Infrastructure,I0773,Land and property facts trapped in county records,0.652,0,0.652,False,original (tournament survivor)
56,I0218-M1,48-Hour Verify List for Independent Floorplan Lenders,I0218,Lenders and investors unable to verify collateral exists,0.638,0,0.638,False,"mutation of I0218 ('Sold-Out-of-Trust Radar for Floorplan Lenders'), type: sharpened"
57,I0844,Supervised-Hours Bench for Counselors and Social Workers,I0844,Behavioral health and addiction care capacity,0.638,0,0.638,False,original (tournament survivor)
58,I0365-M2,Delay-Risk Underwriting Desk for Data Center Insurers,I0365,"Investors, lenders and venues wanting real-economy ground truth",0.638,0,0.638,False,"mutation of I0365 ('Ground-Truth Diligence for GPU-Backed Lenders'), type: new-customer-or-model"
59,I0068,Contingency Audit of Unbilled Plumbing Materials,I0068,Small trade and service firms underpricing and leaking margin,0.725,3,0.625,False,original (tournament survivor)
60,I0800,WhatsApp Voice-Note Superintendent for Spec Builders,I0800,"Small builders' crew coordination, permits and speed",0.69,2,0.624,False,original (tournament survivor)
61,I1085,"Dry-Hole Atlas for Hydrogen, Helium, Geothermal",I1085,Novel environmental and infrastructure data from satellites and crowd-sensing,0.623,0,0.623,False,original (tournament survivor)
62,I0175,Evac Cash: Payout When Ordered to Evacuate,I0175,Fast parametric cash for weather and disaster shocks,0.623,0,0.623,False,original (tournament survivor)
63,I0716-M3,Independent Answer Key for Synthetic Respondents,I0716,Gatekeepers drowning in AI-generated submissions and bot responses,0.652,1,0.619,False,"mutation of I0716 ('Independent Referee for Survey Panel Data'), type: 10x-or-inverted"
64,I0708-M2,Carve-Out Audit Kit for Challenger ASC Billers,I0708,Provider revenue leaks and payer denials,0.609,0,0.609,False,"mutation of I0708 ('Contingency Recovery of Unpaid Implant Carve-Outs'), type: new-customer-or-model"
65,I0543,The True Acceptance Map for Rural Transfers,I0543,Rural and underserved patients who cannot reach care,0.605,0,0.605,False,original (tournament survivor)
66,I0836-M3,Dispatch-Eligibility Registry for Backup Generators,I0836,Getting power for large loads and storage,0.636,1,0.603,False,"mutation of I0836 ('Air-Permit Unlock for Idle Data Center Diesel'), type: 10x-or-inverted"
67,I0552-M2,Tooling Title Diligence for Small-Brand Acquirers,I0552,US machine shops and reshoring manufacturers,0.601,0,0.601,False,"mutation of I0552 ('Supplier Divorce Protection: Tool Census and Overrun Forensics'), type: new-customer-or-model"
68,I0229-M3,Load-Proven Warranty Wrap for Data Halls,I0229,Warranty claims left unfiled,0.597,0,0.597,False,"mutation of I0229 ('Warranty Clock Recovery Audits for Idle Halls'), type: 10x-or-inverted"
69,I0667,Continuity Retainer for One-Licensee Funeral Homes,I0667,"Independent funeral homes facing key-person, overnight and consolidation pressure",0.594,0,0.594,False,original (tournament survivor)
70,I0389-M3,The Reference Panel: Neutral Ruler for E/M Levels,I0389,"Proving AI controls and human review to insurers, auditors and clients",0.594,0,0.594,False,"mutation of I0389 ('Independent Auditor for AI-Scribed Billing'), type: 10x-or-inverted"
71,I1289,Settlement Passports for Florida High-Rise Condos,I1289,Novel environmental and infrastructure data from satellites and crowd-sensing,0.594,0,0.594,False,original (tournament survivor)
72,I0199,Rural Vet Call Logs as Outbreak Early Warning,I0199,"Farm and ranch risks: disease, cash, storage and machinery",0.59,0,0.59,False,original (tournament survivor)
73,I0996-M3,Ride-Through Witness: Measure-First Large-Load Network,I0996,Getting power for large loads and storage,0.623,1,0.59,False,"mutation of I0996 ('Grid-Code Models for AI Data Centers'), type: 10x-or-inverted"
74,I0428,Coder-Signed Reasonable-Value Reports for Injury Defense,I0428,"Small litigation practices lacking evidence, records and benchmark tools",0.582,0,0.582,False,original (tournament survivor)
75,I0374-M2,"Retailer-Mandated Vulnerability Desk, Paid by Suppliers",I0374,EU digital product laws for small connected-device makers,0.58,0,0.58,False,"mutation of I0374 ('Outsourced 24-Hour Vulnerability Reporting Desk (CRA)'), type: new-customer-or-model"
76,I1266-M1,Walkaway: PBM Offer Modeler Sold Through Associations,I1266,"Independent pharmacies squeezed by PBMs, refund floats and deserts",0.58,0,0.58,False,"mutation of I1266 ('Pharmacy-Side PBM Ledger for Employers'), type: sharpened"
77,I0388-M3,"Big-Meter Replacement Fund, Repaid by Verified Uplift",I0388,"Small water utilities: staffing, revenue leakage, lead lines and nitrate",0.58,0,0.58,False,"mutation of I0388 ('Contingency Hunters for Unbilled Water Revenue'), type: 10x-or-inverted"
78,I0836,Air-Permit Unlock for Idle Data Center Diesel,I0836,Getting power for large loads and storage,0.606,1,0.573,False,original (tournament survivor)
79,I1062-M3,"Solos Refer, We File: National Delay-Suit Bench",I1062,Immigrant households and workers: status deadlines and paperwork,0.603,1,0.569,False,"mutation of I1062 ('Delay-Suit Rails for Stuck Immigration Cases'), type: 10x-or-inverted"
80,I0388,Contingency Hunters for Unbilled Water Revenue,I0388,"Small water utilities: staffing, revenue leakage, lead lines and nitrate",0.565,0,0.565,False,original (tournament survivor)
81,I0708,Contingency Recovery of Unpaid Implant Carve-Outs,I0708,Provider revenue leaks and payer denials,0.594,1,0.561,False,original (tournament survivor)
82,I1133-M2,Agency E&O Insurers Fund AI-Exclusion File Reviews,I1133,"Proving AI controls and human review to insurers, auditors and clients",0.559,0,0.559,False,"mutation of I1133 ('Renewal Radar for Silent AI Exclusions'), type: new-customer-or-model"
83,I0499-M1,Same-Week MFP Refunds for Senior-Care Pharmacies,I0499,"Independent pharmacies squeezed by PBMs, refund floats and deserts",0.559,0,0.559,False,"mutation of I0499 ('Bridge Loans for Medicare Drug-Price Refunds'), type: sharpened"
84,I1032,AltSchool Without Buildings: Disability Programs in Host Schools,I1032,"Microschools, homeschoolers and shrinking districts",0.558,0,0.558,False,original (tournament survivor)
85,I0428-M3,Subpoena-Ready Rate Cards for Lien-Based Clinics,I0428,"Small litigation practices lacking evidence, records and benchmark tools",0.542,0,0.542,False,"mutation of I0428 ('Coder-Signed Reasonable-Value Reports for Injury Defense'), type: 10x-or-inverted"
86,I1085-M1,Section-Level Hydrogen and Helium Leads for Landmen,I1085,Novel environmental and infrastructure data from satellites and crowd-sensing,0.542,0,0.542,False,"mutation of I1085 ('Dry-Hole Atlas for Hydrogen, Helium, Geothermal'), type: sharpened"
87,I0820-M3,Keep-Warm: Preserving Power in Idle Plants,I0820,US machine shops and reshoring manufacturers,0.541,0,0.541,False,"mutation of I0820 ('Power Passport: Scoring Dead Factories on Amps, Permits'), type: 10x-or-inverted"
88,I0474,Dead Capital: Succession Kits for Diaspora Families,I0474,"Diaspora families managing death, care and property across borders",0.536,0,0.536,False,original (tournament survivor)
89,I0617-M1,Mixed-Lot Calf Referee With Brix Price Formulas,I0617,"Farm and ranch risks: disease, cash, storage and machinery",0.536,0,0.536,False,"mutation of I0617 ('Immune-Graded Beef-on-Dairy Calves With Warranty'), type: sharpened"
90,I0710,Widow-First Retention Drills for Wealth Advisors,I0710,"Hospice, dying and the first weeks of bereavement",0.534,0,0.534,False,original (tournament survivor)
91,I0079-M3,Megawatt Credit Bureau with Bonded Collateral,I0079,"Localities, utilities and landowners facing speculative data-center demand",0.567,1,0.534,False,"mutation of I0079 ('Phantom Load Vetting Desk for Rural Utilities'), type: 10x-or-inverted"
92,I1075,Canary Humans: Leak-Testing ID Verification Vendors,I1075,"Buyers unable to verify vendor, algorithm or AI-safety claims",0.524,0,0.524,False,original (tournament survivor)
93,I0617-M3,Dairy-Backed Calf Guarantee Pool With Immune Screening,I0617,"Farm and ranch risks: disease, cash, storage and machinery",0.522,0,0.522,False,"mutation of I0617 ('Immune-Graded Beef-on-Dairy Calves With Warranty'), type: 10x-or-inverted"
94,I0989,Orphan Lien Clearance Desk for Title Agents,I0989,"Residential solar leftovers: orphaned systems, leases and liens",0.522,0,0.522,False,original (tournament survivor)
95,I0573-M2,Bedside Coverage Recovery for Safety-Net Hospitals,I0573,"Benefit-rule changes: Medicaid work rules, SNAP and ACA cliffs",0.551,1,0.517,False,"mutation of I0573 ('Medicaid Hours Wallet for Gig Workers'), type: new-customer-or-model"
96,I0808,Data Act Broker for Equipment Owners,I0808,EU digital product laws for small connected-device makers,0.516,0,0.516,False,original (tournament survivor)
97,I0820-M1,Keep-the-Amps: Electrical Carve-Out for Plant Liquidations,I0820,US machine shops and reshoring manufacturers,0.516,0,0.516,False,"mutation of I0820 ('Power Passport: Scoring Dead Factories on Amps, Permits'), type: sharpened"
98,I0374-M3,Outside-In Product Security Ratings for Insurers and Buyers,I0374,EU digital product laws for small connected-device makers,0.547,1,0.513,False,"mutation of I0374 ('Outsourced 24-Hour Vulnerability Reporting Desk (CRA)'), type: 10x-or-inverted"
99,I1289-M3,Stability Mark: Verified-Stable Tower Registry,I1289,Novel environmental and infrastructure data from satellites and crowd-sensing,0.511,0,0.511,False,"mutation of I1289 ('Settlement Passports for Florida High-Rise Condos'), type: 10x-or-inverted"
100,I0272,Owner-Side Ordering: The Royalty Asymmetry Calculator,I0272,Small trade and service firms underpricing and leaking margin,0.509,0,0.509,False,original (tournament survivor)
101,I0016,Remote Second-RN for Rural Night Shifts,I0016,Rural and underserved patients who cannot reach care,0.509,0,0.509,False,original (tournament survivor)
102,I1172,Neutral Baselines and Neighbor Guarantees for Data Centers,I1172,"Localities, utilities and landowners facing speculative data-center demand",0.507,0,0.507,False,original (tournament survivor)
103,I1039-M3,Rural Sales Commons: Pay Retiring Appraisers for Comps,I1039,"Owner wind-down, sudden death and tacit-knowledge handoff",0.499,0,0.499,False,"mutation of I1039 ('Retirement-in-a-Box for Exiting Appraisers'), type: 10x-or-inverted"
104,I0229-M1,Ship-Date Cliff Audits for Phased Campuses,I0229,Warranty claims left unfiled,0.496,0,0.496,False,"mutation of I0229 ('Warranty Clock Recovery Audits for Idle Halls'), type: sharpened"
105,I0338,Chute-Side Cow Counts for Ag Lenders,I0338,Lenders and investors unable to verify collateral exists,0.494,0,0.494,False,original (tournament survivor)
106,I1175-M3,"Dark Roof Capital: Buy, Cure, Re-Perform",I1175,"Residential solar leftovers: orphaned systems, leases and liens",0.493,0,0.493,False,"mutation of I1175 ('Finish Crew: Stranded Solar Job Completion'), type: 10x-or-inverted"
107,I1056-M1,Independent Auditor for AI-Paid Pet Claims,I1056,Pet owners and insurers squeezed by rising vet bills,0.526,1,0.493,False,"mutation of I1056 ('Unbundling Edits for Pet Insurance Claims'), type: sharpened"
108,I0716-M2,Contingency Recovery for Contaminated Survey Sample,I0716,Gatekeepers drowning in AI-generated submissions and bot responses,0.493,0,0.493,False,"mutation of I0716 ('Independent Referee for Survey Panel Data'), type: new-customer-or-model"
109,I1172-M3,Neutral Registry and Standard for Neighbor Baselines,I1172,"Localities, utilities and landowners facing speculative data-center demand",0.492,0,0.492,False,"mutation of I1172 ('Neutral Baselines and Neighbor Guarantees for Data Centers'), type: 10x-or-inverted"
110,I0048,Private Road Associations in a Box,I0048,"Home closings, condo boards and HOAs tangled in title and records rules",0.484,0,0.484,False,original (tournament survivor)
111,I1025,Tele-Clearance for Sheriffs' Booking Desks,I1025,"Rural sheriffs, jails and small police agencies",0.478,0,0.478,False,original (tournament survivor)
112,I1276,Fees-in-Kind: Harvest Becomes School Fee Credit,I1276,Smallholders and rural households in emerging markets,0.478,0,0.478,False,original (tournament survivor)
113,I1266,Pharmacy-Side PBM Ledger for Employers,I1266,"Independent pharmacies squeezed by PBMs, refund floats and deserts",0.478,0,0.478,False,original (tournament survivor)
114,I0573,Medicaid Hours Wallet for Gig Workers,I0573,"Benefit-rule changes: Medicaid work rules, SNAP and ACA cliffs",0.475,0,0.475,False,original (tournament survivor)
115,I1179,Mother-Tongue Lifeline for Dementia Flashpoints,I1179,Dementia and Alzheimer's care at home and in memory care,0.507,1,0.474,False,original (tournament survivor)
116,I0400,Bench-Truth Diligence for Biotech Investors,I0400,Biotech capital: diligence and salvage,0.474,0,0.474,False,original (tournament survivor)
117,I1010,AI Chat-History Exposure Assessments for Breach Counsel,I1010,Recorded and AI-created data exposure for small firms,0.471,0,0.471,False,original (tournament survivor)
118,I0218-M3,Day-Zero Payoff Bridge for Floorplan Dealers,I0218,Lenders and investors unable to verify collateral exists,0.464,0,0.464,False,"mutation of I0218 ('Sold-Out-of-Trust Radar for Floorplan Lenders'), type: 10x-or-inverted"
119,I1240-M1,Recall Drills: State QC Findings Become Worker Training,I1240,"Benefit-rule changes: Medicaid work rules, SNAP and ACA cliffs",0.464,0,0.464,False,"mutation of I1240 ('Flight simulator drills for county SNAP eligibility workers'), type: sharpened"
120,I1140,Cross-Mine Critical Spares Pool and Inventory Cleanup,I1140,Singular / uncategorized,0.464,0,0.464,False,original (tournament survivor)
121,I0708-M3,Implant Payment Index for ASC Networks,I0708,Provider revenue leaks and payer denials,0.464,0,0.464,False,"mutation of I0708 ('Contingency Recovery of Unpaid Implant Carve-Outs'), type: 10x-or-inverted"
122,I0916,Placement Proof for Workforce Pell Providers,I0916,Colleges and training programs under new federal loan caps and earnings tests,0.46,0,0.46,False,original (tournament survivor)
123,I0617-M2,Lender-Paid Calf Collateral Inspection and Lot Grading,I0617,"Farm and ranch risks: disease, cash, storage and machinery",0.46,0,0.46,False,"mutation of I0617 ('Immune-Graded Beef-on-Dairy Calves With Warranty'), type: new-customer-or-model"
124,I1326-M1,Payable Bias Audit for Black Mass Sellers,I1326,"Recycling quality, distressed capacity and battery/EPR compliance",0.453,0,0.453,False,"mutation of I1326 ('Referee Sampling for Black Mass and Battery Scrap'), type: sharpened"
125,I0338-M2,Independent Herd Audits for Loan Participation Buyers,I0338,Lenders and investors unable to verify collateral exists,0.449,0,0.449,False,"mutation of I0338 ('Chute-Side Cow Counts for Ag Lenders'), type: new-customer-or-model"
126,I0574,Aftermarket Support for Stranded DJI Fleets,I0574,"Aircraft and drone operators: maintenance, parts, permits and navigation",0.448,0,0.448,False,original (tournament survivor)
127,H04,Vet-Verified Herd Exposure and Outbreak Index,H04,Lenders and investors unable to verify collateral exists,0.447,0,0.447,False,"hybrid of I0338 + I0199 (Chute-Side Cow Counts for Ag Lenders + Rural Vet Call Logs as Outbreak Early Warning). Why stronger: Cow counts alone are a small per-head fee and the outbreak signal alone is a free-data-for-nothing pitch to vets. Combined, vets earn twice from one workflow, the outbreak index gets denominators nobody else has, and the herd data gains a hazard overlay, which opens the much larger livestock insurance and reinsurance buyer that neither product reaches alone."
128,I0715,Interim Smoke-Damage Protocol Before the State Standard,I0715,"Flood and fire survivors: mapping, buyouts, claims and rebuilding",0.447,0,0.447,False,original (tournament survivor)
129,I0868,Human Bench Network for AI Agents,I0868,"Autonomous and AI-directed labs: infrastructure, safety and access",0.504,2,0.437,False,original (tournament survivor)
130,I0218,Sold-Out-of-Trust Radar for Floorplan Lenders,I0218,Lenders and investors unable to verify collateral exists,0.435,0,0.435,False,original (tournament survivor)
131,I0195,Contingency Recovery of Missed Rotable Repair Warranties,I0195,Warranty claims left unfiled,0.435,0,0.435,False,original (tournament survivor)
132,I0248-M1,Pooled Calendar Reporters for Limited-Scope Family Lawyers,I0248,"Small litigation practices lacking evidence, records and benchmark tools",0.43,0,0.43,False,"mutation of I0248 ('Fifteen-Minute Court Reporting for Family Law Hearings'), type: sharpened"
133,I1209,Real-Factory Credentials From Customs Shipping Records,I1209,"Brands substantiating origin, recycled-content and green claims",0.425,0,0.425,False,original (tournament survivor)
134,I0716-M1,Daubert-Ready Sample Audits for Litigation Surveys,I0716,Gatekeepers drowning in AI-generated submissions and bot responses,0.42,0,0.42,False,"mutation of I0716 ('Independent Referee for Survey Panel Data'), type: sharpened"
135,H02,Neutral Monitoring That Unlocks Backup Diesel Dispatch,H02,"Localities, utilities and landowners facing speculative data-center demand",0.449,1,0.416,False,"hybrid of I1172 + I0836 (Neutral Baselines and Neighbor Guarantees for Data Centers + Air-Permit Unlock for Idle Data Center Diesel). Why stronger: The permit playbook alone has long enterprise cycles and depends on regulators trusting the operator. The monitoring business alone competes with KETOS-style sensor vendors and is a cost center for developers. Combined, the monitoring is the missing permission-to-operate evidence, and the permit unlock gives the monitoring a clear ROI, a percentage-of-capacity-revenue upside, and a repeatable per-state playbook that is hard to copy."
136,I1175-M2,Solar Job Escrow: Bankruptcy-Proof Project Records,I1175,"Residential solar leftovers: orphaned systems, leases and liens",0.414,0,0.414,False,"mutation of I1175 ('Finish Crew: Stranded Solar Job Completion'), type: new-customer-or-model"
137,I0463-M2,Independent Audit Samples for Modeled Lead Inventories,I0463,"Small water utilities: staffing, revenue leakage, lead lines and nitrate",0.412,0,0.412,False,"mutation of I0463 ('Pay Home Inspectors to Find Lead Pipes'), type: new-customer-or-model"
138,I0474-M3,Mzee's Testament: Family Land Councils Before Death,I0474,"Diaspora families managing death, care and property across borders",0.412,0,0.412,False,"mutation of I0474 ('Dead Capital: Succession Kits for Diaspora Families'), type: 10x-or-inverted"
139,I1133-M3,Verified AI Coverage Levels for Vendor Contracts,I1133,"Proving AI controls and human review to insurers, auditors and clients",0.478,2,0.412,False,"mutation of I1133 ('Renewal Radar for Silent AI Exclusions'), type: 10x-or-inverted"
140,I0510,Orphan Fleet Depot for Bankrupt-Maker Electric Buses,I0510,Customers stranded when a product's maker disappears,0.406,0,0.406,False,original (tournament survivor)
141,I0079-M1,Outsourced Large-Load Intake Desk for Co-op Pools,I0079,"Localities, utilities and landowners facing speculative data-center demand",0.406,0,0.406,False,"mutation of I0079 ('Phantom Load Vetting Desk for Rural Utilities'), type: sharpened"
142,I0248-M2,Record-on-Request Desk for Superior Courts,I0248,"Small litigation practices lacking evidence, records and benchmark tools",0.398,0,0.398,False,"mutation of I0248 ('Fifteen-Minute Court Reporting for Family Law Hearings'), type: new-customer-or-model"
143,I1056-M3,Pet Claims Clearinghouse Starting at the Front Desk,I1056,Pet owners and insurers squeezed by rising vet bills,0.464,2,0.397,False,"mutation of I1056 ('Unbundling Edits for Pet Insurance Claims'), type: 10x-or-inverted"
144,I0499-M2,Refund-Netted Dating: Wholesalers Fund the Float,I0499,"Independent pharmacies squeezed by PBMs, refund floats and deserts",0.392,0,0.392,False,"mutation of I0499 ('Bridge Loans for Medicare Drug-Price Refunds'), type: new-customer-or-model"
145,H05,Graduate Pay Ledger for CDL Schools and Carriers,H05,Colleges and training programs under new federal loan caps and earnings tests,0.391,0,0.391,False,"hybrid of I0916 + I0227 (Placement Proof for Workforce Pell Providers + Verified Pay Receipts for Truck Driver Hiring). Why stronger: Placement Proof alone has to chase completers by text and email, and the pay app alone has a slow consumer cold start. Combined, schools deliver a captive, motivated cohort of new drivers every month, the pay data comes from the exact graduates schools need to verify, and carriers and lenders subsidize a verification service that schools would otherwise pay for entirely themselves."
146,I0068-M2,Materials-Leakage Diligence for Trade-Shop Acquirers,I0068,Small trade and service firms underpricing and leaking margin,0.423,1,0.39,False,"mutation of I0068 ('Contingency Audit of Unbilled Plumbing Materials'), type: new-customer-or-model"
147,I0195-M2,Warranty Desk Embedded in Maintenance Software,I0195,Warranty claims left unfiled,0.38,0,0.38,False,"mutation of I0195 ('Contingency Recovery of Missed Rotable Repair Warranties'), type: new-customer-or-model"
148,I1148-M3,Notarized Mitigation Records: The Evidence Standard for Wildfire Credits,I1148,Homeowners and communities losing property insurance in high-risk areas,0.377,0,0.377,False,"mutation of I1148 ('Parcel-Level Rebuttals to Wildfire Insurance Scores'), type: 10x-or-inverted"
149,H07,Supplier Watch: Customs Trails Plus Tool Census,H07,US machine shops and reshoring manufacturers,0.377,0,0.377,False,"hybrid of I0552 + I1209 (Supplier Divorce Protection: Tool Census and Overrun Forensics + Real-Factory Credentials From Customs Shipping Records). Why stronger: Tool Census alone is a high-ticket, low-frequency service with a long sales cycle, and customs credentials alone compete directly with ImportGenius, Panjiva and ImportYeti. Together, the cheap subscription is the funnel to the expensive census, the census and forensics supply ground truth that makes the credential defensible, and forensic cases keep improving the anomaly model."
150,I0573-M3,Hours Exchange: Supply Side of the Work Requirement,I0573,"Benefit-rule changes: Medicaid work rules, SNAP and ACA cliffs",0.377,0,0.377,False,"mutation of I0573 ('Medicaid Hours Wallet for Gig Workers'), type: 10x-or-inverted"
151,I1062-M1,Contributor-Only Delay Outcome Ledger for Immigration Solos,I1062,Immigrant households and workers: status deadlines and paperwork,0.406,1,0.372,False,"mutation of I1062 ('Delay-Suit Rails for Stuck Immigration Cases'), type: sharpened"
152,I0109-M2,Insurer-Paid Total-Loss Add-On Refund Concierge,I0109,"Unclaimed money: settlements, refunds, penalties and unpaid invoices",0.371,0,0.371,False,"mutation of I0109 ('Payoff-Triggered Refund Recovery for Credit Unions'), type: new-customer-or-model"
153,I1148,Parcel-Level Rebuttals to Wildfire Insurance Scores,I1148,Homeowners and communities losing property insurance in high-risk areas,0.366,0,0.366,False,original (tournament survivor)
154,I0820-M2,Load Recovery for Municipal Utilities and Co-ops,I0820,US machine shops and reshoring manufacturers,0.362,0,0.362,False,"mutation of I0820 ('Power Passport: Scoring Dead Factories on Amps, Permits'), type: new-customer-or-model"
155,I1289-M2,Neutral Ground Baseline for Foundation Projects,I1289,Novel environmental and infrastructure data from satellites and crowd-sensing,0.362,0,0.362,False,"mutation of I1289 ('Settlement Passports for Florida High-Rise Condos'), type: new-customer-or-model"
156,I0079,Phantom Load Vetting Desk for Rural Utilities,I0079,"Localities, utilities and landowners facing speculative data-center demand",0.388,1,0.355,False,original (tournament survivor)
157,I0389-M2,Scribe-Safe Billing: White-Label Audit for Billing Companies,I0389,"Proving AI controls and human review to insurers, auditors and clients",0.42,2,0.354,False,"mutation of I0389 ('Independent Auditor for AI-Scribed Billing'), type: new-customer-or-model"
158,I0068-M1,Materials Capture Ratio: Pay-on-Lift for Flat-Rate Shops,I0068,Small trade and service firms underpricing and leaking margin,0.406,2,0.34,False,"mutation of I0068 ('Contingency Audit of Unbilled Plumbing Materials'), type: sharpened"
159,I1133-M1,AI Exclusion Diff for Pro-Liability Renewals,I1133,"Proving AI controls and human review to insurers, auditors and clients",0.436,3,0.336,False,"mutation of I1133 ('Renewal Radar for Silent AI Exclusions'), type: sharpened"
160,I1056,Unbundling Edits for Pet Insurance Claims,I1056,Pet owners and insurers squeezed by rising vet bills,0.362,1,0.329,False,original (tournament survivor)
161,I1133,Renewal Radar for Silent AI Exclusions,I1133,"Proving AI controls and human review to insurers, auditors and clients",0.359,1,0.326,False,original (tournament survivor)
162,I0195-M3,Chargeback Network for Aircraft Component Warranties,I0195,Warranty claims left unfiled,0.319,0,0.319,False,"mutation of I0195 ('Contingency Recovery of Missed Rotable Repair Warranties'), type: 10x-or-inverted"
163,I0552,Supplier Divorce Protection: Tool Census and Overrun Forensics,I0552,US machine shops and reshoring manufacturers,0.319,0,0.319,False,original (tournament survivor)
164,I0887,Port-Level IP Shield for Indie Brands,I0887,Crowdfunded hardware makers and indie product brands,0.319,0,0.319,False,original (tournament survivor)
165,I0272-M1,Yen Gap Audit for Legacy Seven Owners,I0272,Small trade and service firms underpricing and leaking margin,0.316,0,0.316,False,"mutation of I0272 ('Owner-Side Ordering: The Royalty Asymmetry Calculator'), type: sharpened"
166,I0227,Verified Pay Receipts for Truck Driver Hiring,I0227,"Gig, tipped and cash workers unable to prove income",0.304,0,0.304,False,original (tournament survivor)
167,I0715-M3,Lab-Sourced Smoke Contamination Benchmark and Loss Index,I0715,"Flood and fire survivors: mapping, buyouts, claims and rebuilding",0.304,0,0.304,False,"mutation of I0715 ('Interim Smoke-Damage Protocol Before the State Standard'), type: 10x-or-inverted"
168,I0229-M2,Warranty Gap Desk for MEP Contractors,I0229,Warranty claims left unfiled,0.304,0,0.304,False,"mutation of I0229 ('Warranty Clock Recovery Audits for Idle Halls'), type: new-customer-or-model"
169,I1326-M3,Escrow and Assay Settlement House for Scrap,I1326,"Recycling quality, distressed capacity and battery/EPR compliance",0.3,0,0.3,False,"mutation of I1326 ('Referee Sampling for Black Mass and Battery Scrap'), type: 10x-or-inverted"
170,I1148-M1,Nonrenewal Desk for Colorado Independent Agencies,I1148,Homeowners and communities losing property insurance in high-risk areas,0.292,0,0.292,False,"mutation of I1148 ('Parcel-Level Rebuttals to Wildfire Insurance Scores'), type: sharpened"
171,I1151,Unwind Desk for California's 3-Day Car Return,I1151,Consumer lenders' compliance and loss pressures,0.278,0,0.278,False,original (tournament survivor)
172,I0715-M2,Loss-Draft Clearance Standard for Mortgage Servicers,I0715,"Flood and fire survivors: mapping, buyouts, claims and rebuilding",0.275,0,0.275,False,"mutation of I0715 ('Interim Smoke-Damage Protocol Before the State Standard'), type: new-customer-or-model"
173,I0474-M2,"SACCO-Financed Succession Desk, Paid on Milestones",I0474,"Diaspora families managing death, care and property across borders",0.266,0,0.266,False,"mutation of I0474 ('Dead Capital: Succession Kits for Diaspora Families'), type: new-customer-or-model"
174,I1117,Private Road Agreements That Save Rural Closings,I1117,"Home closings, condo boards and HOAs tangled in title and records rules",0.261,0,0.261,False,original (tournament survivor)
175,I0272-M3,Franchisee Flight Recorder and Recommendation Index,I0272,Small trade and service firms underpricing and leaking margin,0.261,0,0.261,False,"mutation of I0272 ('Owner-Side Ordering: The Royalty Asymmetry Calculator'), type: 10x-or-inverted"
176,I0229,Warranty Clock Recovery Audits for Idle Halls,I0229,Warranty claims left unfiled,0.261,0,0.261,False,original (tournament survivor)
177,I0863,Remote Load Calcs That Avoid Panel Upgrades,I0863,"Households upgrading homes: electrification, roofs and solar loans",0.29,1,0.257,False,original (tournament survivor)
178,H12,One Binder Scan: Lender Monitoring Plus Warranty Recovery,H12,"Investors, lenders and venues wanting real-economy ground truth",0.282,1,0.249,False,"hybrid of I0365 + I0229 (Ground-Truth Diligence for GPU-Backed Lenders + Warranty Clock Recovery Audits for Idle Halls). Why stronger: Double revenue from one document-processing pipeline, with two payers whose interests line up. Owners get paid to be monitored, lenders get better collateral and cleaner data, and access friction disappears. A serial-number equipment register across financed halls becomes a data moat that single-purpose competitors (satellite monitors or Cx firms) cannot replicate."
179,I0474-M1,Consent Ledger for Land-Scheme Family Cohorts,I0474,"Diaspora families managing death, care and property across borders",0.248,0,0.248,False,"mutation of I0474 ('Dead Capital: Succession Kits for Diaspora Families'), type: sharpened"
180,I0939,Rotor Rescue: Scrapyard Magnet Pick-and-Pay,I0939,Critical minerals and rare-earth supply chain recovery and provenance,0.248,0,0.248,False,original (tournament survivor)
181,I0048-M2,Town-Paid Private Road Census and Formation Bounty,I0048,"Home closings, condo boards and HOAs tangled in title and records rules",0.235,0,0.235,False,"mutation of I0048 ('Private Road Associations in a Box'), type: new-customer-or-model"
182,I0945,Vacant-Unit Meter Watchdog and Insurance Vacancy Log,I0945,Condition monitoring for asset owners and their service contractors,0.253,1,0.22,False,original (tournament survivor)
183,I0374-M1,Stack-Pooled 24/7 Article 14 Desk for Non-EU Brands,I0374,EU digital product laws for small connected-device makers,0.319,3,0.219,False,"mutation of I0374 ('Outsourced 24-Hour Vulnerability Reporting Desk (CRA)'), type: sharpened"
184,H10,Auto Add-On Refund Cascade: Payoff and Return Desk,H10,"Unclaimed money: settlements, refunds, penalties and unpaid invoices",0.217,0,0.217,False,"hybrid of I0109 + I1151 (Payoff-Triggered Refund Recovery for Credit Unions + Unwind Desk for California's 3-Day Car Return). Why stronger: The lender relationship solves the return desk's distribution problem, and the return desk hands the payoff product a must-have, time-boxed reason to get a meeting. One administrator database serves both, so unit cost falls with volume and collection speed improves. The combined dataset is what makes the return-risk MGA product priceable, which neither parent can reach alone."
185,I0996,Grid-Code Models for AI Data Centers,I0996,Getting power for large loads and storage,0.309,3,0.209,False,original (tournament survivor)
186,I0374,Outsourced 24-Hour Vulnerability Reporting Desk (CRA),I0374,EU digital product laws for small connected-device makers,0.304,3,0.204,False,original (tournament survivor)
187,I1039-M2,Community Lenders Pool Orders to Keep County Appraisers,I1039,"Owner wind-down, sudden death and tacit-knowledge handoff",0.203,0,0.203,False,"mutation of I1039 ('Retirement-in-a-Box for Exiting Appraisers'), type: new-customer-or-model"
188,H08,Rural County Night Desk for Hospitals and Jails,H08,Rural and underserved patients who cannot reach care,0.203,0,0.203,False,"hybrid of I0016 + I1025 (Remote Second-RN for Rural Night Shifts + Tele-Clearance for Sheriffs' Booking Desks). Why stronger: Each parent has the same expensive fixed costs (clinician recruiting, compact licenses, recording platform, physician oversight, malpractice) and a small revenue per site. Pooling spreads those costs over two products sold to overlapping counties, lets one relationship close a larger $4-6k per month deal, and lets two insurers see one shared evidence trail, which raises ACV and lowers cost per sale versus either service alone."
189,I1326-M2,Handoff Assay of Record for EU Recyclers,I1326,"Recycling quality, distressed capacity and battery/EPR compliance",0.193,0,0.193,False,"mutation of I1326 ('Referee Sampling for Black Mass and Battery Scrap'), type: new-customer-or-model"
190,I1039-M1,Appraisal Workfile Trustee for Retired and Deceased Appraisers,I1039,"Owner wind-down, sudden death and tacit-knowledge handoff",0.192,0,0.192,False,"mutation of I1039 ('Retirement-in-a-Box for Exiting Appraisers'), type: sharpened"
191,I1062,Delay-Suit Rails for Stuck Immigration Cases,I1062,Immigrant households and workers: status deadlines and paperwork,0.292,3,0.192,False,original (tournament survivor)
192,I1085-M2,Plug-or-Pitch: Turning Idle Wells Into Assets,I1085,Novel environmental and infrastructure data from satellites and crowd-sensing,0.188,0,0.188,False,"mutation of I1085 ('Dry-Hole Atlas for Hydrogen, Helium, Geothermal'), type: new-customer-or-model"
193,I0617,Immune-Graded Beef-on-Dairy Calves With Warranty,I0617,"Farm and ranch risks: disease, cash, storage and machinery",0.174,0,0.174,False,original (tournament survivor)
194,I0048-M3,"Contractor-First Road Billing, Then Repair Lending",I0048,"Home closings, condo boards and HOAs tangled in title and records rules",0.16,0,0.16,False,"mutation of I0048 ('Private Road Associations in a Box'), type: 10x-or-inverted"
195,I0552-M3,Tool Passport: Molds That Report Themselves,I0552,US machine shops and reshoring manufacturers,0.159,0,0.159,False,"mutation of I0552 ('Supplier Divorce Protection: Tool Census and Overrun Forensics'), type: 10x-or-inverted"
196,H03,Plumber Parts Ledger: Margin Recovery Plus Failure Evidence,H03,Singular / uncategorized,0.25,3,0.15,False,"hybrid of I0689 + I0068 (Failed-Part Bounty for Insurance Subrogation + Contingency Audit of Unbilled Plumbing Materials). Why stronger: The audit alone is a crowded, ServiceTitan-adjacent feature with thin defensibility. The bounty alone has a cold-start problem: shops have no reason to stay engaged and the data has no denominator. Together, the free audit is the near-zero-CAC hook into the same shops, the bounty gives them a second paycheck, and the joined install-and-failure ledger is a dataset neither ServiceTitan nor a forensic firm can assemble."
197,I0540,Section 8 Rent-Increase Deadline Capture Service,I0540,"Landlords in soft markets: vouchers, evictions, vacancies and retention",0.203,2,0.136,False,original (tournament survivor)
198,I0499,Bridge Loans for Medicare Drug-Price Refunds,I0499,"Independent pharmacies squeezed by PBMs, refund floats and deserts",0.161,1,0.128,False,original (tournament survivor)
199,I0272-M2,Store Takeover Truth Sheets for Lenders,I0272,Small trade and service firms underpricing and leaking margin,0.116,0,0.116,False,"mutation of I0272 ('Owner-Side Ordering: The Royalty Asymmetry Calculator'), type: new-customer-or-model"
200,I0048-M1,Camp-Road Closing Rescue Plus Resale Toll,I0048,"Home closings, condo boards and HOAs tangled in title and records rules",0.116,0,0.116,False,"mutation of I0048 ('Private Road Associations in a Box'), type: sharpened"
201,I0289,IEP Chief of Staff for Special-Ed Parents,I0289,"K-12 districts' legal service duties: IEPs, attendance, nutrition and Title I",0.207,3,0.107,False,original (tournament survivor)
202,H06,Replication Bench: Poll-Triaged Experiments With Signed Records,H06,Biotech capital: diligence and salvage,0.204,3,0.104,False,"hybrid of I0400 + I0868 (Bench-Truth Diligence for Biotech Investors + Human Bench Network for AI Agents). Why stronger: Each parent has a missing half: bench-truth diligence lacks capacity to run the decisive experiment, and the human bench network lacks a buyer with an urgent budget and a filtered question. Together, a $5k poll funds triage, a $15-40k replication uses the bench, and the labeled replication registry becomes a moat that neither Hoeford-style polls nor cloud labs can build."
203,I1039,Retirement-in-a-Box for Exiting Appraisers,I1039,"Owner wind-down, sudden death and tacit-knowledge handoff",0.09,0,0.09,False,original (tournament survivor)
204,I0109,Payoff-Triggered Refund Recovery for Credit Unions,I0109,"Unclaimed money: settlements, refunds, penalties and unpaid invoices",0.072,0,0.072,False,original (tournament survivor)
205,I1229,Shared-Aide Pods for 55+ Apartment Buildings,I1229,"Home and residential care: labor supply, family caregivers and small-scale models",0.15,3,0.05,False,original (tournament survivor)
206,I0248,Fifteen-Minute Court Reporting for Family Law Hearings,I0248,"Small litigation practices lacking evidence, records and benchmark tools",0.03,0,0.03,False,original (tournament survivor)
207,I1258,GLP-1 Palate Panel for Food R&D,I1258,Businesses adapting to GLP-1 users' changed consumption,0.13,3,0.03,False,original (tournament survivor)
208,I0248-M3,Courtroom ETA: Call-Time Network for Family Court,I0248,"Small litigation practices lacking evidence, records and benchmark tools",0.029,0,0.029,False,"mutation of I0248 ('Fifteen-Minute Court Reporting for Family Law Hearings'), type: 10x-or-inverted"
209,I0378,"Family Bank: Bank of Mom and Dad, Papered",I0378,Making family estate plans fair and contest-proof,0.044,2,-0.023,False,original (tournament survivor)
210,I0781,Nonrenewal Cure: Rebutting Insurer Cancellations,I0781,Homeowners and communities losing property insurance in high-risk areas,0.043,2,-0.023,False,original (tournament survivor)
211,I0553,ITAR-Safe Identity for New-Space Startups,I0553,New defense and drone suppliers: compliance and financing hurdles,0.059,3,-0.041,False,original (tournament survivor)
212,I0626,Search-Fund Accelerator for Buying Scrap Yards,I0626,Trade-shop succession and buyouts,0.03,3,-0.07,False,original (tournament survivor)
213,H11,Special-Ed Parent Tracker Feeding Host-School Programs,H11,"K-12 districts' legal service duties: IEPs, attendance, nutrition and Title I",0.014,3,-0.086,False,"hybrid of I0289 + I1032 (IEP Chief of Staff for Special-Ed Parents + AltSchool Without Buildings: Disability Programs in Host Schools). Why stronger: The tracker's CAC is subsidized by a payer worth an order of magnitude more per family, and the host program gets pre-qualified, motivated, documented leads instead of buying ads. Shared data tells the business where to open programs. Together it is a full lifecycle (enforce, then exit if enforcement fails) that a competitor with only one half cannot offer."
214,H09,Rotor Rescue as Scrapyard Deal-Sourcing Engine,H09,Trade-shop succession and buyouts,0.0,3,-0.1,False,"hybrid of I0626 + I0939 (Search-Fund Accelerator for Buying Scrap Yards + Rotor Rescue: Scrapyard Magnet Pick-and-Pay). Why stronger: The accelerator gets proprietary deal flow and a concrete margin-improvement thesis at day one, which is the hardest thing for a first-time searcher to show a lender or seller. Rotor Rescue gets trusted access to yards, guaranteed volume through acquired yards, and a second revenue line that does not depend on rare-earth prices. Each side removes the other's biggest customer-acquisition cost."
